N,seed,solver,opt_type,t,status
500,16,scipy.slsqp,NLP,34.14212989807129,ok
500,16,pyomo.ipopt,NLP,0.2766458988189697,ok
500,16,pyomo.cbc,MILP,1.2963080406188965,ok
500,16,pyomo.glpk,MILP,0.5273079872131348,ok
500,16,cvxpy.cbc,MILP,0.46018099784851074,ok
500,16,cvxpy.glpk,MILP,0.3615140914916992,ok
500,16,cvxpy.ecos,MILP,0.40392112731933594,ok
